Temporada;Equipo;Técnico 1;Técnico 2;Técnico 3;Técnico 4;Técnico 5;Cantidad de técnicos;Cambios de técnico;Posición final torneo
2018;CSD Colo-Colo;Héctor Tapia;Pablo Guede;Agustín Salvatierra;;;3;2;5
2018;CD Universidad Católica;Beñat San José;;;;;1;0;1
2018;Universidad de Chile;Esteban Valencia;Frank Drío Kudelka;Ángel Guillermo Hoyos;;;3;2;3
2018;Unión La Calera;Francisco Meneghini;Víctor Rivero;;;;2;1;6
2018;Universidad de Concepción;Francisco Bozán;;;;;1;0;2
2018;CD Everton;Javier Torrente;Pablo Sánchez;;;;2;1;11
2018;Deportes Antofagasta;Gerardo Ameli;;;;;1;0;4
2018;CD Palestino;Sebastián Méndez;Ivo Bassay;Germán Cavalieri;;;3;2;13
2018;CD Huachipato;Nicolás Larcamón;;;;;1;0;9
2018;Deportes Iquique;Luis Musrri;Erick Guerrero;Miguel Riffo;;;3;2;14
2018;Unión Española;Martín Palermo;Fernando Díaz;;;;2;1;7
2018;CD O'Higgins;Mauricio Larriera;Marco Antonio Figueroa;Gabriel Milito;;;3;2;8
2018;Deportes Temuco;Dalcio Giovagnoli;Miguel Ponce;;;;2;1;14
2018;San Luis de Quillota;Miguel Ramírez;Diego Osella;Mauricio Riffo;;;3;2;15
2018;Curicó Unido;Luis Marcoleta;Damián Muñoz;Jaime Vera;;;3;2;12
2018;Audax Italiano;Hugo Vilches;Juan José Ribera;;;;2;1;10
2019;CSD Colo-Colo;Mario Salas;;;;;1;0;2
2019;CD Universidad Católica;Gustavo Quinteros;;;;;1;0;1
2019;CD Everton;Javier Torrente;Gustavo Díaz;;;;2;1;11
2019;CD Palestino;Ivo Basay;;;;;1;0;3
2019;Unión La Calera;Walter Coyette;Francisco Meneghini;;;;2;1;4
2019;Universidad de Chile;Frank Darío Kudelka;Alfredo Arias;Hernán Caputto;;;3;2;15
2019;CD O'Higgins;Marco Antonio Figueroa;;;;;1;0;8
2019;Unión Española;Ronald Fuentes;Fernando Díaz;;;;2;1;9
2019;Deportes Iquique;Pablo Sánchez;Jaime Vera;;;;2;1;14
2019;Deportes Antofagasta;Walter Fiori;Juan Manuel Azconzábal;Gerardo Ameli;;;3;2;12
2019;CD Huachipato;Gustavo Florentín;Nicolás Larcamón;;;;2;1;6
2019;Universidad de Concepción;Francisco Bozán;;;;;1;0;16
2019;Coquimbo Unido;Patricio Graff;;;;;1;0;5
2019;Curicó Unido;Hugo Vilches;Dalcio Giovagnoli;Jaime Vera;;;3;2;13
2019;Audax Italiano;Juan José Ribera;;;;;1;0;7
2019;CD Cobresal;Gustavo Huerta;;;;;1;0;10
2020;CSD Colo-Colo;Gustavo Quinteros;Mario Salas;Gualberto Jara;;;3;2;16
2020;CD Universidad Católica;Ariel Holan;;;;;1;0;1
2020;Unión Española;Ronald Fuentes;;;;;1;0;4
2020;CD Palestino;José Luis Sierra;Ivo Bassay;;;;2;1;5
2020;Universidad de Chile;Marcelo Jara;Hernán Caputto;Rafael Dudamel;;;3;2;3
2020;Unión La Calera;Juan Pablo Vojvoda;;;;;1;0;2
2020;Deportes La Serena;Óscar Correa;Francisco Bozán;Miguel Ponce;;;3;2;15
2020;Deportes Antofagasta;Héctor Almandoz;Juan Manuel Azconzábal;Héctor Tapia;Diego Reveco;;4;3;6
2020;CD O'Higgins;Víctor Fuentes;Dalcio Giovagnoli;Patricio Graff;;;3;2;10
2020;CD Everton;Javier Torrente;Christian Ochoa;Roberto Sensini;;;3;2;12
2020;Audax Italiano;Pablo Sánchez;Francisco Meneghini;José Calderón;;;3;2;13
2020;CD Huachipato;Gustavo Florentín;;;;;1;0;8
2020;Curicó Unido;Martín Palermo;Javier Bergés;Nicolás Larcamón;Damián Muñoz;;4;3;9
2020;Universidad de Concepción;Eduardo Acevedo;;;;;1;0;14
2020;Santiago Wanderers;Miguel Ramírez;;;;;1;0;11
2020;CD Cobresal;Gustavo Huerta;;;;;1;0;7
2020;Coquimbo Unido;Germán Corengia;Rafaél Celedón ;Juan José Ribera;;;3;2;18
2020;Deportes Iquique;Jaime Vera;Cristian Leiva;;;;2;1;17
2021;CD Universidad Católica;Gustavo Poyet;Cristian Paulucci;Ariel Holan;;;3;2;1
2021;CSD Colo-Colo;Gustavo Quinteros;;;;;1;0;2
2021;Universidad de Chile;Esteban Valencia;Cristián Romero;Rafael Dudamel;;;3;2;11
2021;CD Palestino;Patricio Graff;José Luis Sierra;;;;2;1;8
2021;Deportes Antofagasta;Héctor Tapia,;Diego Reveco;Juan José Ribera;;;3;2;6
2021;CD Everton;Roberto Sensini;;;;;1;0;12
2021;CD O'Higgins;Miguel Ramírez;Dalcio Giovagnoli;;;;2;1;13
2021;Unión Española;Jorge Pellicer;Ronald Fuentes;César Bravo;;;3;2;5
2021;CD Huachipato;Juan José Luvera;Gustavo Florentín;Mario Salas;;;3;2;15
2021;Deportes Melipilla;John Armijo;Eros Pérez;Rodrigo Córdova;Cristián Arán;;4;3;16
2021;Unión La Calera;Juan Pablo Vojvoda;Francisco Meneghini;Luca Marcogiuseppe;;;3;2;4
2021;CD Ñublense;Jaime García;;;;;1;0;7
2021;Audax Italiano;Pablo Sánchez;;;;;1;0;3
2021;Deportes La Serena;Óscar Correa;Ivo Bassay;Miguel Ponce;;;3;2;10
2021;CD Cobresal;Gustavo Huerta;;;;;1;0;9
2021;Santiago Wanderers;Miguel Ramírez;Ronald Fuentes;Víctor Rivero;Emiliano Astorga;Domingo Sorace;5;4;17
2021;Curicó Unido;Martín Palermo;Damián Muñoz;;;;2;1;14
2022;CSD Colo-Colo;Gustavo Quinteros;;;;;1;0;1
2022;CD Universidad Católica;Cristian Paulucci;Rodrigo Valenzuela;Ariel Holan;;;3;2;6
2022;Universidad de Chile;Sebastián Miranda;Diego López;Santiago Escobar;;;3;2;13
2022;CD Ñublense;Jaime García;;;;;1;0;2
2022;CD Palestino;Gustavo Costas;;;;;1;0;4
2022;Unión Española;Gustavo Canales;César Bravo;;;;2;1;11
2022;CD Everton;Francisco Meneghini;;;;;1;0;9
2022;Unión La Calera;Carlos Galdames;Federico Vilar;Martín Anselmi;;;3;2;10
2022;Curicó Unido;Damián Muñoz;;;;;1;0;3
2022;Audax Italiano;Ronald Fuentes;Juan José Ribera;;;;2;1;7
2022;CD Huachipato;Mario Salas;;;;;1;0;12
2022;Coquimbo Unido;Patricio Graff;Fernando Díaz;;;;2;1;14
2022;CD O'Higgins;Mariano Soso;;;;;1;0;8
2022;CD Cobresal;Gustavo Huerta;;;;;1;0;5
2022;Deportes La Serena;Ivo Basay;Óscar Correa;Pablo Marini;;;3;2;15
2022;Deportes Antofagasta;Juan Domingo Tolisano;Diego Reveco;Javier Torrente;;;3;2;16
2023;CSD Colo-Colo;Gustavo Quinteros;;;;;1;0;3
2023;CD Universidad Católica;Rodrigo Valenzuela;Ariel Holan;Nicolás Núñez;;;3;2;7
2023;CD Everton;Francisco Meneghini;;;;;1;0;6
2023;Universidad de Chile;Mauricio Pellegrino;;;;;1;0;9
2023;CD O'Higgins;Juan Manuel Azconzábal;Pablo de Muner;;;;2;1;12
2023;Unión La Calera;Gerardo Ameli;Martín Cicotello;Carlos Galdames;;;3;2;8
2023;Unión Española;Ronald Fuentes;;;;;1;0;11
2023;Audax Italiano;José Calderón;Manuel Fernández;Luca Marcogiuseppe;Francisco Arrué;;4;3;13
2023;CD Ñublense;Jaime García;Hernán Caputto;;;;2;1;12
2023;CD Huachipato;Gustavo Álvarez;;;;;1;0;1
2023;CD Cobresal;Gustavo Huerta;;;;;1;0;2
2023;CD Palestino;Pablo Sánchez;;;;;1;0;4
2023;Coquimbo Unido;Fernando Díaz;;;;;1;0;5
2023;Magallanes;Nicolás Núñez;Braulio Leal;Mario Salas;;;3;2;15
2023;Curicó Unido;Damián Muñoz;Juan José Ribera;Miguel Riffo;;;3;2;16
2023;Deportes Copiapó;Héctor Almandoz;Ivo Bassay;;;;2;1;14
2024;CSD Colo-Colo;Jorge Almirón;;;;;1;0;1
2024;Universidad de Chile;Gustavo Álvarez;;;;;1;0;2
2024;CD Everton;Esteban Solari;Francisco Meneghini;Davis González;;;3;2;7
2024;CD Universidad Católica;Tiago Nunes;Rodrigo Valenzuela;Nicolás Núñez;;;3;2;5
2024;Unión Española;José Luis Sierra;Miguel Ponce;;;;2;1;6
2024;CD Huachipato;Francisco Troncoso;Igor Oca;Javier Sanguinetti;;;3;2;12
2024;CD O'Higgins;Víctor Fuentes;Juan Manuel Azconzábal;;;;2;1;14
2024;Deportes Iquique;Miguel Ramírez;;;;;1;0;3
2024;Audax Italiano;Nelson Tapia;Francisco Arrué;Walter Erviti;Juan José Ribera;;4;3;10
2024;CD Palestino;Pablo Sánchez;Jorge Schwager;Lucas Bovaglio;;;3;2;4
2024;CD Ñublense;Mario Salas;;;;;1;0;9
2024;Coquimbo Unido;Esteban González;Fernando Díaz;;;;2;1;8
2024;Deportes Copiapó;Ivo Basay;Hernán Caputto;;;;2;1;16
2024;CD Cobreloa;Emiliano Astorga;;;;;1;0;15
2024;CD Cobresal;Gustavo Huerta;;;;;1;0;13
2024;Unión La Calera;Walter Lemma;Carlos Galdames;Manuel Fernández;;;3;2;11
2025;Universidad de Chile;Gustavo Álvarez;;;;;1;0;4
2025;CD Universidad Católica;Tiago Nunes;Rodrigo Valenzuela;Daniel Grnero;;;3;2;2
2025;CSD Colo-Colo;Jorge Almirón;Fernando Ortiz;Hugo González;;;3;2;8
2025;CD O'Higgins;Francisco Meneghini;;;;;1;0;3
2025;Unión Española;José Luis Sierra;Miguel Ramírez;Gonzalo Villagra;;;3;2;16
2025;Coquimbo Unido;Esteban González;;;;;1;0;1
2025;Audax Italiano;Gustavo Lema;Juan José Ribera;;;;2;1;5
2025;CD Palestino;Lucas Bovaglio;;;;;1;0;6
2025;CD Everton;Mauricio Larriera;Javier Torrente ;Gustavo Leal;Gustavo Dalasso;;4;3;14
2025;Deportes La Serena;Cristian Paulucci;Erwin Durán;Francisco Bozán;Mario Sciacqua;;4;3;13
2025;CD Huachipato;Jaime García;;;;;1;0;9
2025;Deportes Limache;Víctor Rivero;;;;;1;0;11
2025;CD Ñublense;Alejandro Gaete;Ronald Fuentes;Francisco Arrué;;;3;2;10
2025;Unión La Calera;Walter Lemma;Martín Cicotello;;;;2;1;12
2025;CD Cobresal;Gustavo Huerta;;;;;1;0;7
2025;Deportes Iquique;Miguel Ramírez;Fernando Díaz;Rodrigo Guerrero;;;3;2;15
